PersonID,First Name,Last Name,GPA,Major,Graduated,Phone #,Email,School ID,ExpectedSalary,Comments
7252,Britanney,Wiggins,3.02,Economics,1,1-423-546-8022,magnis@velvenenatis.net,1347,106496,lorem tristique
9442,Silas,Mills,2.68,Political Science,1,(223) 335-9534,enim.sit.amet@malesuadavel.ca,3727,138529,vitae nibh. Donec est
6821,Myles,Hensley,3.62,Chemistry,1,(176) 568-2311,ipsum.dolor@luctusetultrices.edu,6424,177960,"Medge,Molina,6,(561) 664-6953,elit.erat@orci.net,vestibulum nec, euismod in, dolor. Fusce feugiat. Lorem ipsum dolor sit amet, consectetuer adipiscing,William_Sheppard_Files.pdf"
8045,Ruby,Lawrence,3.35,Chemistry,0,(452) 359-6081,praesent.interdum@aliquameros.co.uk,1640,83917,tortor. Nunc commodo
4440,Karly,Hartman,3.45,Entrepreneurship,1,1-254-438-4713,justo.eu.arcu@tinciduntcongue.org,9988,115852,"Medge,Molina,6,(561) 664-6953,elit.erat@orci.net,vestibulum nec, euismod in, dolor. Fusce feugiat. Lorem ipsum dolor sit amet, consectetuer adipiscing,William_Sheppard_Files.pdf"
7728,Medge,Molina,3.35,Nursing,0,(561) 664-6953,elit.erat@orci.net,4965,192319,"Medge,Molina,6,(561) 664-6953,elit.erat@orci.net,vestibulum nec, euismod in, dolor. Fusce feugiat. Lorem ipsum dolor sit amet, consectetuer adipiscing,William_Sheppard_Files.pdf"
6935,Wyoming,Alvarado,2.82,Agricultural Sciences,0,1-575-887-6737,malesuada.augue.ut@etnetus.edu,5086,98797,"Medge,Molina,6,(561) 664-6953,elit.erat@orci.net,vestibulum nec, euismod in, dolor. Fusce feugiat. Lorem ipsum dolor sit amet, consectetuer adipiscing,William_Sheppard_Files.pdf"
6255,Glenna,Riddle,2.79,Human Resources,1,(567) 367-3898,vivamus.molestie@inatpede.ca,5688,164073,Pellentesque habitant morbi tristique senectus et
3418,Carson,Morse,3.42,Civil Engineering,0,(642) 891-3268,dolor.sit.amet@eratetiamvestibulum.edu,1381,149730,Nunc sed orci lobortis augue
8482,Boris,Noble,3.84,Food Science,0,(712) 344-3343,suspendisse@malesuadafringilla.com,5865,114429,vitae diam. Proin dolor.
1616,Ferris,Slater,3.18,Biomedical Engineering,0,(565) 352-5367,molestie.in@duiaugue.net,3575,116784,sollicitudin adipiscing
8087,Brock,Boyle,3.84,Civil Engineering,0,(403) 920-7887,ultrices@nibhsit.org,5285,153734,"Medge,Molina,6,(561) 664-6953,elit.erat@orci.net,vestibulum nec, euismod in, dolor. Fusce feugiat. Lorem ipsum dolor sit amet, consectetuer adipiscing,William_Sheppard_Files.pdf"
9039,Angelica,Griffin,3.73,Industrial Engineering,0,1-953-197-2268,ante.maecenas.mi@etmagnis.com,1787,72578,Duis ac arcu. Nunc mauris. Morbi non sapien molestie orci tincidunt adipiscing. Mauris molestie pharetra nibh.
5711,George,Rowe,2.88,Agricultural Sciences,0,(436) 645-7577,scelerisque.neque@velesttempor.org,8079,94372,vitae dolor. Donec fringilla.
7914,Jerry,Lott,3.66,Computer Engineering,1,1-688-372-6412,tellus@condimentum.com,1510,125001,et libero. Proin mi. Aliquam
6333,Gareth,Pacheco,3.25,Political Science,1,1-811-213-4133,vestibulum.ante.ipsum@loremvehicula.net,6006,79112,"Medge,Molina,6,(561) 664-6953,elit.erat@orci.net,vestibulum nec, euismod in, dolor. Fusce feugiat. Lorem ipsum dolor sit amet, consectetuer adipiscing,William_Sheppard_Files.pdf"
1936,Chaney,Best,3.80,Finance,0,1-273-873-3661,turpis.non@nuncpulvinar.ca,2925,93432,"Medge,Molina,6,(561) 664-6953,elit.erat@orci.net,vestibulum nec, euismod in, dolor. Fusce feugiat. Lorem ipsum dolor sit amet, consectetuer adipiscing,William_Sheppard_Files.pdf"
9632,Jack,Powers,2.68,Industrial Engineering,0,1-766-365-7427,mus.proin.vel@magnauttincidunt.ca,2102,89870,dictum
7315,Ryan,Reid,3.54,Political Science,1,(762) 655-9342,velit.aliquam.nisl@elitetiamlaoreet.com,6929,198012,"Medge,Molina,6,(561) 664-6953,elit.erat@orci.net,vestibulum nec, euismod in, dolor. Fusce feugiat. Lorem ipsum dolor sit amet, consectetuer adipiscing,William_Sheppard_Files.pdf"
2271,Joshua,Woodward,3.20,Food Science,1,(372) 639-9522,augue.eu@ipsum.com,7243,180994,Sed eu eros. Nam consequat dolor vitae dolor.
4650,Bernard,Baldwin,3.61,Economics,0,(865) 224-8242,vestibulum.ante@utodiovel.org,8734,88961,"Medge,Molina,6,(561) 664-6953,elit.erat@orci.net,vestibulum nec, euismod in, dolor. Fusce feugiat. Lorem ipsum dolor sit amet, consectetuer adipiscing,William_Sheppard_Files.pdf"
8656,Lacy,Turner,2.91,Accounting,1,1-959-842-1544,magna.suspendisse@enimsuspendisse.ca,6867,175377,ornare
3368,Phelan,Walter,2.76,Accounting,0,1-624-743-6196,ipsum.porta@elitafeugiat.edu,6455,84289,"Medge,Molina,6,(561) 664-6953,elit.erat@orci.net,vestibulum nec, euismod in, dolor. Fusce feugiat. Lorem ipsum dolor sit amet, consectetuer adipiscing,William_Sheppard_Files.pdf"
9291,Bruno,Sellers,3.39,Economics,0,1-267-645-2384,elit@vel.edu,1382,153930,"Medge,Molina,6,(561) 664-6953,elit.erat@orci.net,vestibulum nec, euismod in, dolor. Fusce feugiat. Lorem ipsum dolor sit amet, consectetuer adipiscing,William_Sheppard_Files.pdf"
4101,Justina,Romero,3.69,Biology,1,1-665-878-2011,libero.nec@lobortisrisusin.org,8510,87307,magnis dis parturient
3340,Lara,Snider,2.93,Biology,0,(236) 434-8979,nec.enim.nunc@mauriseu.edu,8692,92663,magna. Duis dignissim tempor arcu. Vestibulum ut eros non enim commodo hendrerit. Donec porttitor tellus non magna. Nam ligula
2296,Maggie,Foley,3.10,Agricultural Sciences,1,(551) 183-4152,aptent.taciti@seddictumproin.co.uk,1929,150885,mi. Duis
9185,Duncan,Richard,3.79,Industrial Engineering,0,1-386-424-4724,magnis.dis@quispede.co.uk,4355,119039,"Medge,Molina,6,(561) 664-6953,elit.erat@orci.net,vestibulum nec, euismod in, dolor. Fusce feugiat. Lorem ipsum dolor sit amet, consectetuer adipiscing,William_Sheppard_Files.pdf"
7507,Sage,Ellison,3.09,Nursing,1,(531) 714-1076,pharetra.nam.ac@lobortisquis.com,9938,136379,Nam consequat dolor vitae dolor. Donec fringilla. Donec feugiat metus sit amet ante.
5131,Brendan,Frederick,3.59,Accounting,0,(214) 968-5229,urna@egetlaoreetposuere.ca,6320,124044,"Medge,Molina,6,(561) 664-6953,elit.erat@orci.net,vestibulum nec, euismod in, dolor. Fusce feugiat. Lorem ipsum dolor sit amet, consectetuer adipiscing,William_Sheppard_Files.pdf"
3317,Yuri,Gentry,3.86,Political Science,1,(762) 848-0743,maecenas.mi@iaculisaliquet.org,3307,156668,in faucibus orci
2105,Nash,Benson,2.71,Computer Science,1,1-947-521-3775,rutrum.justo.praesent@tinciduntnequevitae.net,3364,127470,"Medge,Molina,6,(561) 664-6953,elit.erat@orci.net,vestibulum nec, euismod in, dolor. Fusce feugiat. Lorem ipsum dolor sit amet, consectetuer adipiscing,William_Sheppard_Files.pdf"
7812,Chase,Holmes,3.95,Finance,1,(165) 758-6353,eu.nulla@volutpatnulla.net,7032,87570,"Medge,Molina,6,(561) 664-6953,elit.erat@orci.net,vestibulum nec, euismod in, dolor. Fusce feugiat. Lorem ipsum dolor sit amet, consectetuer adipiscing,William_Sheppard_Files.pdf"
6812,Peter,Nixon,2.71,Chemistry,1,(167) 996-5744,lectus.justo.eu@donec.edu,5587,145540,iaculis odio. Nam interdum enim non nisi. Aenean eget metus.
6578,Inez,Trevino,3.24,Political Science,0,(422) 340-6621,erat.vitae@dolorelit.ca,1805,135502,"Medge,Molina,6,(561) 664-6953,elit.erat@orci.net,vestibulum nec, euismod in, dolor. Fusce feugiat. Lorem ipsum dolor sit amet, consectetuer adipiscing,William_Sheppard_Files.pdf"
8842,Willow,Mccormick,3.98,Entrepreneurship,1,1-280-513-8818,a@aenean.org,7454,160570,"Medge,Molina,6,(561) 664-6953,elit.erat@orci.net,vestibulum nec, euismod in, dolor. Fusce feugiat. Lorem ipsum dolor sit amet, consectetuer adipiscing,William_Sheppard_Files.pdf"
2252,Molly,Colon,3.99,Political Science,1,1-460-427-3406,erat.in@laoreet.co.uk,3583,169296,"Medge,Molina,6,(561) 664-6953,elit.erat@orci.net,vestibulum nec, euismod in, dolor. Fusce feugiat. Lorem ipsum dolor sit amet, consectetuer adipiscing,William_Sheppard_Files.pdf"
3596,Nadine,Hooper,3.59,Mathematics,1,(758) 564-8121,iaculis.odio@purusgravida.com,8050,131200,"Medge,Molina,6,(561) 664-6953,elit.erat@orci.net,vestibulum nec, euismod in, dolor. Fusce feugiat. Lorem ipsum dolor sit amet, consectetuer adipiscing,William_Sheppard_Files.pdf"
7488,Jin,Whitaker,3.36,Political Science,0,(468) 264-9723,mollis.non@metus.edu,9582,191218,senectus et netus et malesuada fames ac turpis egestas. Aliquam fringilla cursus purus.
7158,Hedy,Dejesus,2.73,Biology,1,1-954-738-6233,primis.in@metusaenean.ca,1498,138713,"Medge,Molina,6,(561) 664-6953,elit.erat@orci.net,vestibulum nec, euismod in, dolor. Fusce feugiat. Lorem ipsum dolor sit amet, consectetuer adipiscing,William_Sheppard_Files.pdf"
2965,Vera,Willis,3.62,Management Information Systems,0,1-125-968-0343,pretium.aliquet@curabitur.org,8683,135689,"Medge,Molina,6,(561) 664-6953,elit.erat@orci.net,vestibulum nec, euismod in, dolor. Fusce feugiat. Lorem ipsum dolor sit amet, consectetuer adipiscing,William_Sheppard_Files.pdf"
6127,Cassidy,Page,3.03,Chemistry,0,(626) 447-4203,enim.etiam@rutrumjusto.com,9105,78786,"Medge,Molina,6,(561) 664-6953,elit.erat@orci.net,vestibulum nec, euismod in, dolor. Fusce feugiat. Lorem ipsum dolor sit amet, consectetuer adipiscing,William_Sheppard_Files.pdf"
4921,Colby,Hampton,3.02,Computer Engineering,0,1-215-894-3211,neque.pellentesque@anteipsumprimis.net,9054,93503,sit
3802,Hayden,Atkinson,2.96,Human Resources,0,(281) 285-3287,cursus.in.hendrerit@blanditcongue.org,6366,82906,mauris eu elit. Nulla facilisi. Sed
7586,Cameran,Lindsey,2.70,Electrical Engineering,1,(562) 221-9176,semper.erat@arcuiaculis.edu,2911,110565,"Medge,Molina,6,(561) 664-6953,elit.erat@orci.net,vestibulum nec, euismod in, dolor. Fusce feugiat. Lorem ipsum dolor sit amet, consectetuer adipiscing,William_Sheppard_Files.pdf"
5862,Conan,Morton,3.59,Industrial Engineering,1,1-412-224-9182,id@nonbibendum.ca,5245,184015,consequat dolor vitae dolor. Donec fringilla. Donec feugiat metus sit
2246,Adrian,Schmidt,2.75,Nursing,0,1-367-318-1170,in.dolor@molestie.edu,3100,109362,"Medge,Molina,6,(561) 664-6953,elit.erat@orci.net,vestibulum nec, euismod in, dolor. Fusce feugiat. Lorem ipsum dolor sit amet, consectetuer adipiscing,William_Sheppard_Files.pdf"
4138,Marah,Mendoza,3.00,Mathematics,1,1-793-225-7810,in.nec.orci@sed.com,2500,197287,neque pellentesque massa lobortis ultrices. Vivamus rhoncus. Donec
5474,Desiree,Cabrera,3.69,Entrepreneurship,1,(231) 836-7851,leo.cras.vehicula@vestibulumante.com,2688,174460,neque et nunc. Quisque ornare tortor at risus. Nunc ac
7726,Zia,Kim,2.76,Computer Science,1,(515) 843-2477,nulla.interdum@apurus.ca,4825,94566,"Medge,Molina,6,(561) 664-6953,elit.erat@orci.net,vestibulum nec, euismod in, dolor. Fusce feugiat. Lorem ipsum dolor sit amet, consectetuer adipiscing,William_Sheppard_Files.pdf"
3440,Basil,Alston,3.76,Management Information Systems,1,1-857-570-7167,leo.cras@purusnullam.co.uk,4438,141698,"Ira,Hernandez,56,1-165-778-4244,eget.nisi@magnisdisparturient.org,aliquet magna a neque. Nullam ut nisi a odio semper cursus. Integer mollis. Integer tincidunt,Indigo_Whitfield_Files.pdf"
5411,Ruby,Jones,3.27,Human Resources,1,(718) 762-7740,nulla.at@nuncac.edu,1805,93089,Morbi non sapien molestie orci tincidunt adipiscing.
9321,Ariel,Duncan,2.61,Computer Engineering,0,1-268-844-8361,fermentum.risus@ultricesiaculisodio.co.uk,7454,78396,elit. Nulla facilisi. Sed neque. Sed eget lacus. Mauris non dui nec
5791,Honorato,Barker,3.41,Management Information Systems,0,1-785-228-8396,lacus.quisque.imperdiet@sempercursus.com,3583,99098,ac risus. Morbi metus. Vivamus euismod urna. Nullam lobortis quam a felis
3280,Nathaniel,Hurst,2.63,Entrepreneurship,0,(475) 402-2713,dolor.fusce@semperrutrumfusce.ca,8050,132577,turpis egestas. Aliquam fringilla cursus purus. Nullam scelerisque neque sed sem
7471,Ira,Hernandez,2.63,Biomedical Engineering,1,1-165-778-4244,eget.nisi@magnisdisparturient.org,9582,179944,aliquet magna a neque. Nullam ut nisi a odio semper cursus. Integer mollis. Integer tincidunt
3246,Brett,Munoz,2.89,Chemistry,0,1-222-570-5671,purus.ac.tellus@justo.ca,1835,192357,"Ira,Hernandez,56,1-165-778-4244,eget.nisi@magnisdisparturient.org,aliquet magna a neque. Nullam ut nisi a odio semper cursus. Integer mollis. Integer tincidunt,Indigo_Whitfield_Files.pdf"
5027,Ava,Juarez,3.34,Economics,0,1-673-882-9144,suspendisse@ornare.org,2489,81273,"Ira,Hernandez,56,1-165-778-4244,eget.nisi@magnisdisparturient.org,aliquet magna a neque. Nullam ut nisi a odio semper cursus. Integer mollis. Integer tincidunt,Indigo_Whitfield_Files.pdf"
3038,Rebekah,Simon,2.69,Computer Science,0,1-243-824-2243,volutpat@venenatis.com,1989,158944,"Ira,Hernandez,56,1-165-778-4244,eget.nisi@magnisdisparturient.org,aliquet magna a neque. Nullam ut nisi a odio semper cursus. Integer mollis. Integer tincidunt,Indigo_Whitfield_Files.pdf"
6451,Noble,Fisher,3.60,Food Science,0,1-643-415-3175,tempus.lorem@enimnec.ca,3689,183953,"Ira,Hernandez,56,1-165-778-4244,eget.nisi@magnisdisparturient.org,aliquet magna a neque. Nullam ut nisi a odio semper cursus. Integer mollis. Integer tincidunt,Indigo_Whitfield_Files.pdf"
5522,Charissa,Bishop,3.03,Biomedical Engineering,0,1-338-626-5101,mus.donec@vulputateullamcorper.ca,6226,101005,"Ira,Hernandez,56,1-165-778-4244,eget.nisi@magnisdisparturient.org,aliquet magna a neque. Nullam ut nisi a odio semper cursus. Integer mollis. Integer tincidunt,Indigo_Whitfield_Files.pdf"
4554,Azalia,Daugherty,3.45,Electrical Engineering,0,(293) 173-4204,dignissim.maecenas@enim.edu,3141,146674,vitae aliquam eros turpis non enim. Mauris
3045,Merritt,Blackwell,2.69,Biomedical Engineering,1,1-846-513-7143,ac.arcu.nunc@iaculislacus.net,4494,178411,"Ira,Hernandez,56,1-165-778-4244,eget.nisi@magnisdisparturient.org,aliquet magna a neque. Nullam ut nisi a odio semper cursus. Integer mollis. Integer tincidunt,Indigo_Whitfield_Files.pdf"
9518,Travis,Salazar,2.61,Human Resources,0,(252) 340-7841,ultrices.vivamus@loremauctorquis.net,4165,109080,dolor. Donec fringilla. Donec feugiat
9829,Ross,Tillman,3.77,Biology,1,1-546-611-6761,ante@arcu.edu,4376,182858,"Ira,Hernandez,56,1-165-778-4244,eget.nisi@magnisdisparturient.org,aliquet magna a neque. Nullam ut nisi a odio semper cursus. Integer mollis. Integer tincidunt,Indigo_Whitfield_Files.pdf"
6219,Lillith,Arnold,2.63,Mathematics,0,(266) 488-1372,eget.metus@nullavulputate.com,6584,101504,"Ira,Hernandez,56,1-165-778-4244,eget.nisi@magnisdisparturient.org,aliquet magna a neque. Nullam ut nisi a odio semper cursus. Integer mollis. Integer tincidunt,Indigo_Whitfield_Files.pdf"
1532,Gretchen,Solis,2.97,Biology,1,(343) 904-4257,ultrices.vivamus@dictumsapienaenean.ca,3338,169353,euismod enim. Etiam gravida molestie arcu.
9563,Xantha,Moran,2.64,Mathematics,1,(874) 726-3686,senectus@litoratorquent.co.uk,6319,101605,"Ira,Hernandez,56,1-165-778-4244,eget.nisi@magnisdisparturient.org,aliquet magna a neque. Nullam ut nisi a odio semper cursus. Integer mollis. Integer tincidunt,Indigo_Whitfield_Files.pdf"
4171,Larissa,Yang,2.82,Management Information Systems,0,1-327-242-8828,in@suspendissesed.edu,9822,173776,"Ira,Hernandez,56,1-165-778-4244,eget.nisi@magnisdisparturient.org,aliquet magna a neque. Nullam ut nisi a odio semper cursus. Integer mollis. Integer tincidunt,Indigo_Whitfield_Files.pdf"
5465,Ashely,Mcclure,2.77,Food Science,0,1-683-975-5160,pede@utsemper.co.uk,6035,103557,"Ira,Hernandez,56,1-165-778-4244,eget.nisi@magnisdisparturient.org,aliquet magna a neque. Nullam ut nisi a odio semper cursus. Integer mollis. Integer tincidunt,Indigo_Whitfield_Files.pdf"
5909,Chester,Reese,2.99,Mathematics,0,(478) 774-3248,scelerisque.lorem@torquentper.net,5456,71344,"Ira,Hernandez,56,1-165-778-4244,eget.nisi@magnisdisparturient.org,aliquet magna a neque. Nullam ut nisi a odio semper cursus. Integer mollis. Integer tincidunt,Indigo_Whitfield_Files.pdf"
6035,Rigel,David,2.70,Computer Science,0,1-545-239-6238,ante@faucibusid.org,6541,173641,tortor at risus. Nunc
5023,Pascale,Nelson,2.90,Biomedical Engineering,1,1-615-167-9566,eget@leo.edu,2390,143651,"Ira,Hernandez,56,1-165-778-4244,eget.nisi@magnisdisparturient.org,aliquet magna a neque. Nullam ut nisi a odio semper cursus. Integer mollis. Integer tincidunt,Indigo_Whitfield_Files.pdf"
1167,Alana,Terrell,3.77,Entrepreneurship,0,1-882-253-4743,vulputate.lacus@morbinonsapien.net,4411,153016,"Ira,Hernandez,56,1-165-778-4244,eget.nisi@magnisdisparturient.org,aliquet magna a neque. Nullam ut nisi a odio semper cursus. Integer mollis. Integer tincidunt,Indigo_Whitfield_Files.pdf"
9660,Odette,Guzman,3.90,Civil Engineering,0,(376) 935-4745,in.hendrerit@egestasascelerisque.org,6896,171477,semper tellus id nunc interdum feugiat. Sed nec metus facilisis lorem tristique aliquet. Phasellus fermentum convallis ligula. Donec luctus aliquet
6304,Simone,Vazquez,2.77,Management Information Systems,0,(127) 646-0610,nec.mollis@disparturient.edu,6867,175054,"Ira,Hernandez,56,1-165-778-4244,eget.nisi@magnisdisparturient.org,aliquet magna a neque. Nullam ut nisi a odio semper cursus. Integer mollis. Integer tincidunt,Indigo_Whitfield_Files.pdf"
6749,Sandra,Hancock,3.62,Agricultural Sciences,0,(281) 348-1883,feugiat.placerat@dictumphasellusin.com,6455,83157,Suspendisse sagittis. Nullam
8227,Yael,Brady,3.25,Nursing,1,1-933-706-1267,mauris.integer@enimnec.org,1382,168172,"Ira,Hernandez,56,1-165-778-4244,eget.nisi@magnisdisparturient.org,aliquet magna a neque. Nullam ut nisi a odio semper cursus. Integer mollis. Integer tincidunt,Indigo_Whitfield_Files.pdf"
6281,Yen,Carey,3.57,Entrepreneurship,0,(612) 873-7443,donec@nislquisque.net,8510,127593,eu sem. Pellentesque ut
7093,Hoyt,Finley,3.78,Chemistry,1,(913) 290-4832,id.enim@dictummagna.net,8692,195814,arcu ac orci. Ut
7464,Jameson,Compton,3.83,Computer Science,0,1-721-337-3235,felis@placeratauguesed.net,1929,153250,"Ira,Hernandez,56,1-165-778-4244,eget.nisi@magnisdisparturient.org,aliquet magna a neque. Nullam ut nisi a odio semper cursus. Integer mollis. Integer tincidunt,Indigo_Whitfield_Files.pdf"
4403,Colleen,Mckee,3.31,Biomedical Engineering,1,1-154-438-0645,vulputate.posuere@odioa.ca,4355,120506,erat. Etiam vestibulum massa rutrum
6118,Abigail,Finch,3.11,Accounting,0,1-952-442-7530,orci.ut@arcucurabiturut.edu,9938,184371,tellus id nunc interdum feugiat. Sed nec metus
3599,Lane,Camacho,3.26,Civil Engineering,1,1-633-634-5844,malesuada.malesuada@antebibendum.edu,6320,136253,lobortis tellus justo sit amet nulla. Donec
2604,Hiram,Whitaker,3.76,Business Administration,1,(114) 340-1856,sagittis.augue.eu@adipiscinglobortisrisus.org,3307,120415,"Ira,Hernandez,56,1-165-778-4244,eget.nisi@magnisdisparturient.org,aliquet magna a neque. Nullam ut nisi a odio semper cursus. Integer mollis. Integer tincidunt,Indigo_Whitfield_Files.pdf"
1267,Wynne,Barker,2.84,Business Administration,1,(623) 644-2795,neque.nullam.nisl@etnetus.co.uk,3364,107083,at fringilla purus mauris a nunc. In at pede.
2655,Baxter,Stewart,3.55,Human Resources,1,1-182-258-8757,ullamcorper@aenean.net,7032,111647,"Ira,Hernandez,56,1-165-778-4244,eget.nisi@magnisdisparturient.org,aliquet magna a neque. Nullam ut nisi a odio semper cursus. Integer mollis. Integer tincidunt,Indigo_Whitfield_Files.pdf"
6250,Brooke,Maldonado,2.68,Finance,1,1-842-326-2566,mauris.aliquam@pedenonummy.org,5587,147284,nisl. Quisque fringilla euismod enim.
3167,Willa,Parsons,3.87,Nursing,1,1-614-253-1081,morbi.accumsan@maurisquis.org,1805,141367,at fringilla purus mauris a nunc. In at pede.
5615,David,Watson,3.84,Biomedical Engineering,1,(791) 455-4442,tortor.nunc@auctor.org,7454,75733,Donec dignissim magna a tortor.
3896,Ciara,Kent,3.52,Nursing,0,(429) 250-1717,justo.proin.non@lectusrutrumurna.co.uk,3583,164414,"Ira,Hernandez,56,1-165-778-4244,eget.nisi@magnisdisparturient.org,aliquet magna a neque. Nullam ut nisi a odio semper cursus. Integer mollis. Integer tincidunt,Indigo_Whitfield_Files.pdf"
9240,Chava,Brock,3.86,Entrepreneurship,0,1-379-987-2187,nunc.risus@magnauttincidunt.org,8050,152656,leo. Vivamus nibh
6388,Alyssa,Chambers,3.13,Electrical Engineering,0,(106) 316-6395,donec.tempus@atvelit.net,9582,196144,risus quis diam luctus lobortis. Class aptent
6596,Karyn,Hood,3.62,Biology,0,(838) 413-4680,lorem.ut@vulputateposuerevulputate.co.uk,1498,104624,"Ira,Hernandez,56,1-165-778-4244,eget.nisi@magnisdisparturient.org,aliquet magna a neque. Nullam ut nisi a odio semper cursus. Integer mollis. Integer tincidunt,Indigo_Whitfield_Files.pdf"
1463,Karina,Goodwin,3.33,Nursing,0,1-781-434-3134,sed.neque@tinciduntdui.com,2102,193633,nulla. Integer urna. Vivamus molestie dapibus
5140,Warren,Alston,2.74,Computer Science,0,(966) 727-0216,ante@ut.org,6929,140396,et ultrices posuere cubilia Curae Phasellus ornare. Fusce mollis. Duis sit amet diam eu dolor egestas rhoncus. Proin nisl
4407,Chadwick,Glover,3.46,Human Resources,1,(244) 221-4444,felis.nulla@egetmetusin.ca,2102,73895,sagittis placerat. Cras dictum ultricies ligula.
3529,Damon,Mckee,3.93,Computer Science,1,(756) 802-6965,enim.mauris@lectusconvallis.ca,6929,175282,eu enim. Etiam imperdiet dictum magna.
7045,Aiko,Sandoval,3.33,Food Science,1,1-957-464-3389,odio@dolor.co.uk,7243,174277,"Ira,Hernandez,56,1-165-778-4244,eget.nisi@magnisdisparturient.org,aliquet magna a neque. Nullam ut nisi a odio semper cursus. Integer mollis. Integer tincidunt,Indigo_Whitfield_Files.pdf"
2511,Nelle,Greene,3.99,Human Resources,0,(226) 435-9408,aliquet.lobortis@turpisin.ca,8734,102665,pulvinar arcu et pede. Nunc sed orci